epoch,learning_rate_step,loss_step,lr-AdamW,step
,,,5e-06,49
0,4.999999873689376e-06,0.00028529256815090775,,49
,,,5e-06,99
0,4.999999873689376e-06,0.00017132729408331215,,99
,,,5e-06,149
0,4.999999873689376e-06,0.00011058301606681198,,149
,,,5e-06,199
0,4.999999873689376e-06,8.147527842083946e-05,,199
,,,5e-06,249
0,4.999999873689376e-06,8.138576231431216e-05,,249
