epoch,learning_rate_step,loss_step,lr-AdamW,step
,,,0.0006,49
0,0.0006000000284984708,1.4675750732421875,,49
