epoch,learning_rate_step,loss_step,lr-AdamW,step
,,,0.0006,49
0,0.0006000000284984708,1.2322787046432495,,49
,,,0.0006,99
0,0.0006000000284984708,1.0161141157150269,,99
