epoch,learning_rate_step,loss_step,lr-AdamW,step
,,,0.0006,49
0,0.0006000000284984708,1.1111783981323242,,49
,,,0.0006,99
0,0.0006000000284984708,0.9341387748718262,,99
,,,0.0006,149
0,0.0006000000284984708,0.7799665927886963,,149
,,,0.0006,199
0,0.0006000000284984708,0.7406196594238281,,199
