epoch,learning_rate_step,loss_step,lr-SGD,step
,,,2.9676538446957887e-06,49
0,2.9676539270440117e-06,0.005799675825983286,,49
,,,2.9676538446957887e-06,99
0,2.9676539270440117e-06,0.006329745054244995,,99
