epoch,learning_rate_step,loss_step,lr-AdamW,step
,,,7.78289343482927e-06,49
0,7.782893590047024e-06,3.724045745912008e-05,,49
