epoch,learning_rate_step,loss_step,lr-AdamW,step
,,,0.0006,49
0,0.0006000000284984708,0.7346940040588379,,49
,,,0.0006,99
0,0.0006000000284984708,0.696449339389801,,99
