epoch,learning_rate_step,loss_step,lr-AdamW,step
,,,0.001,49
0,0.0010000000474974513,0.7450990676879883,,49
,,,0.001,99
0,0.0010000000474974513,72.59526062011719,,99
